City_ID,City,Country,Date,Lat,Lng,Max Temp,Humidity,Cloudiness,Wind Speed
0,Oyama,JP,2022-02-02 22:53:52,36.3,139.8,37.58,47,14,1.68
1,Punta Arenas,CL,2022-02-02 22:51:10,-53.15,-70.9167,48.31,71,75,8.05
2,Namatanai,PG,2022-02-02 22:50:22,-3.6667,152.4333,80.24,80,100,8.14
3,Port Macquarie,AU,2022-02-02 22:48:16,-31.4333,152.9167,68.9,100,75,10.36
4,Dunedin,NZ,2022-02-02 22:53:10,-45.8742,170.5036,55.42,92,100,10.98
5,Concepcion,CL,2022-02-02 22:51:47,-36.827,-73.0498,64.2,72,0,10.36
6,Lorengau,PG,2022-02-02 22:44:44,-2.0226,147.2712,80.26,80,100,11.54
7,Bredasdorp,ZA,2022-02-02 22:49:58,-34.5322,20.0403,69.12,73,39,1.14
8,Laguna,US,2022-02-02 22:49:15,38.421,-121.4238,62.4,28,0,8.99
9,Adrar,MR,2022-02-02 22:53:54,20.5022,-10.0711,68.94,21,67,11.1
10,Nome,US,2022-02-02 22:53:54,64.5011,-165.4064,8.17,76,79,21.72
11,Albany,US,2022-02-02 22:53:09,42.6001,-73.9662,42.48,78,86,5.55
12,Bang Saphan,TH,2022-02-02 22:53:56,11.2126,99.5117,72.82,94,14,2.3
13,Avarua,CK,2022-02-02 22:44:04,-21.2078,-159.775,84.25,79,40,18.41
14,Puerto Madryn,AR,2022-02-02 22:44:45,-42.7692,-65.0385,83.71,26,66,12.97
15,New Norfolk,AU,2022-02-02 22:49:24,-42.7826,147.0587,60.71,53,74,3.0
16,Saskylakh,RU,2022-02-02 22:49:26,71.9167,114.0833,-30.6,100,28,3.04
17,Vaini,TO,2022-02-02 22:52:44,-21.2,-175.2,86.16,74,40,5.75
18,Port Alfred,ZA,2022-02-02 22:49:35,-33.5906,26.891,73.44,96,100,7.96
19,Castanos,MX,2022-02-02 22:53:59,26.7833,-101.4167,73.35,44,5,13.18
20,Saint-Augustin,CA,2022-02-02 22:53:59,51.226,-58.6502,23.72,89,100,23.73
21,Hithadhoo,MV,2022-02-02 22:49:16,-0.6,73.0833,81.61,69,47,3.76
22,Buala,SB,2022-02-02 22:54:01,-8.145,159.5921,81.88,80,100,8.34
23,Carnarvon,AU,2022-02-02 22:54:02,-24.8667,113.6333,77.07,88,67,11.5
24,Mehamn,NO,2022-02-02 22:51:05,71.0357,27.8492,25.07,73,100,9.91
25,Mataura,NZ,2022-02-02 22:49:15,-46.1927,168.8643,58.48,92,100,3.98
26,Faanui,PF,2022-02-02 22:54:02,-16.4833,-151.75,81.14,72,17,19.46
27,Torbay,CA,2022-02-02 22:54:03,47.6666,-52.7314,24.39,85,20,8.05
28,Luorong,CN,2022-02-02 22:54:03,24.4058,109.6086,41.23,83,94,8.21
29,Boyolangu,ID,2022-02-02 22:54:04,-8.1181,111.8935,75.0,89,76,2.44
30,Port Lincoln,AU,2022-02-02 22:40:48,-34.7333,135.8667,64.8,68,23,16.31
31,Kapaa,US,2022-02-02 22:54:05,22.0752,-159.319,80.11,59,3,1.01
32,Hilo,US,2022-02-02 22:54:05,19.7297,-155.09,79.11,80,28,3.0
33,Puerto Ayora,EC,2022-02-02 22:54:05,-0.7393,-90.3518,82.36,89,31,4.0
34,Hobart,AU,2022-02-02 22:54:06,-42.8794,147.3294,61.05,58,75,1.99
35,Jamestown,US,2022-02-02 22:50:16,42.097,-79.2353,39.09,65,100,1.99
36,Ibra,OM,2022-02-02 22:54:06,22.6906,58.5334,65.34,44,0,8.37
37,Ushuaia,AR,2022-02-02 22:51:58,-54.8,-68.3,44.26,57,75,25.32
38,Soissons,FR,2022-02-02 22:54:07,49.3333,3.3333,48.4,92,97,5.41
39,Eureka,US,2022-02-02 22:50:02,40.8021,-124.1637,58.75,74,48,10.0
40,Niquero,CU,2022-02-02 22:54:08,20.0431,-77.5828,77.63,74,39,4.68
41,Vostok,RU,2022-02-02 22:49:51,46.4856,135.8833,-5.37,99,100,3.56
42,Kyaikto,MM,2022-02-02 22:54:08,17.3,97.0167,61.57,47,9,4.59
43,Rikitea,PF,2022-02-02 22:54:10,-23.1203,-134.9692,78.66,72,100,7.27
44,Bluff,NZ,2022-02-02 22:54:11,-46.6,168.3333,58.8,64,100,17.2
45,San Patricio,US,2022-02-02 22:54:11,28.017,-97.5169,78.78,75,88,12.21
46,Callaguip,PH,2022-02-02 22:54:12,18.0714,120.4867,69.82,94,20,2.3
47,Lumut,MY,2022-02-02 22:55:12,4.2323,100.6298,77.38,94,40,1.14
48,Busselton,AU,2022-02-02 22:55:13,-33.65,115.3333,68.04,44,100,14.58
49,Alappuzha,IN,2022-02-02 22:55:14,9.49,76.3264,76.91,85,49,5.46
50,Chalons-En-Champagne,FR,2022-02-02 22:55:14,48.9539,4.3672,48.27,97,100,5.66
51,Coquimbo,CL,2022-02-02 22:54:05,-29.9533,-71.3436,67.73,72,0,9.22
52,Kapoeta,SS,2022-02-02 22:55:15,4.7717,33.5903,84.16,29,100,4.41
53,Labuhan,ID,2022-02-02 22:55:16,-6.8844,112.2051,77.47,86,100,4.05
54,Saint-Philippe,RE,2022-02-02 22:55:17,-21.3585,55.7679,80.19,95,100,36.08
55,Sao Filipe,CV,2022-02-02 22:44:01,14.8961,-24.4956,75.49,65,3,14.38
56,Siuri,IN,2022-02-02 22:55:17,23.9167,87.5333,61.39,51,2,6.8
57,Geraldton,AU,2022-02-02 22:46:46,-28.7667,114.6,84.61,17,0,24.16
58,Tual,ID,2022-02-02 22:49:32,-5.6667,132.75,82.99,73,100,8.59
59,Wladyslawowo,PL,2022-02-02 22:55:18,54.7909,18.4009,34.93,73,99,9.4
60,Alcaniz,ES,2022-02-02 22:55:19,41.05,-0.1333,55.74,41,0,3.6
61,Tessalit,ML,2022-02-02 22:55:19,20.1986,1.0114,61.72,13,0,10.33
62,Chuy,UY,2022-02-02 22:55:20,-33.6971,-53.4616,71.89,81,0,12.88
63,Qaanaaq,GL,2022-02-02 22:55:20,77.484,-69.3632,-13.7,83,100,6.87
64,Komsomolskiy,UZ,2022-02-02 22:51:55,40.4272,71.7189,38.12,81,75,4.61
65,Bandarbeyla,SO,2022-02-02 22:55:22,9.4942,50.8122,74.62,73,15,16.71
66,Sawakin,SD,2022-02-02 22:55:22,19.1059,37.3321,70.12,74,11,3.27
67,Zhaotong,CN,2022-02-02 22:55:23,27.3167,103.7167,24.46,88,85,1.81
68,Doha,QA,2022-02-02 22:55:24,25.2867,51.5333,60.78,72,0,8.05
69,Cidreira,BR,2022-02-02 22:55:25,-30.1811,-50.2056,75.67,84,0,19.15
70,College,US,2022-02-02 22:52:15,64.8569,-147.8028,-1.1,69,20,0.0
71,Lebu,CL,2022-02-02 22:55:25,-37.6167,-73.65,62.28,83,50,11.03
72,Hermanus,ZA,2022-02-02 22:55:27,-34.4187,19.2345,65.89,87,4,12.1
73,Clyde River,CA,2022-02-02 22:50:54,70.4692,-68.5914,-16.37,76,100,6.91
74,Fairbanks,US,2022-02-02 22:45:02,64.8378,-147.7164,-23.84,76,20,0.0
75,Port Elizabeth,ZA,2022-02-02 22:55:28,-33.918,25.5701,71.1,100,75,8.05
76,Quatre Cocos,MU,2022-02-02 22:48:05,-20.2078,57.7625,80.1,89,100,30.56
77,Provideniya,RU,2022-02-02 22:55:29,64.3833,-173.3,10.51,72,75,35.79
78,Khatanga,RU,2022-02-02 22:55:31,71.9667,102.5,-36.31,98,51,2.13
79,Bambous Virieux,MU,2022-02-02 22:52:51,-20.3428,57.7575,80.22,94,75,31.07
80,Awjilah,LY,2022-02-02 22:53:21,29.1081,21.2869,52.21,59,51,18.7
81,Tuktoyaktuk,CA,2022-02-02 22:55:32,69.4541,-133.0374,-22.0,76,75,13.8
82,Norman Wells,CA,2022-02-02 22:51:53,65.282,-126.8329,-21.96,69,75,13.8
83,Bengkulu,ID,2022-02-02 22:48:11,-3.8004,102.2655,76.14,88,95,4.97
84,Macon,US,2022-02-02 22:55:32,39.8667,-88.9668,19.87,93,100,21.85
85,Dikson,RU,2022-02-02 22:45:22,73.5069,80.5464,-8.01,98,93,10.04
86,Galveston,US,2022-02-02 22:54:17,29.3669,-94.9669,71.22,93,100,1.01
87,Andenes,NO,2022-02-02 22:55:33,69.3143,16.1194,22.98,63,33,18.41
88,Okhotsk,RU,2022-02-02 22:55:34,59.3833,143.3,7.25,76,100,14.81
89,Cabo San Lucas,MX,2022-02-02 22:53:23,22.8909,-109.9124,75.51,69,27,3.0
90,Colorado,BR,2022-02-02 22:55:34,-22.8375,-51.9731,72.28,93,92,6.8
91,Cape Town,ZA,2022-02-02 22:53:34,-33.9258,18.4232,66.11,91,40,1.01
92,Beaufort,MY,2022-02-02 22:55:35,5.3473,115.7455,77.16,93,43,3.22
93,Key West,US,2022-02-02 22:55:36,24.5557,-81.7826,75.0,78,38,22.1
94,Zamora,EC,2022-02-02 22:56:36,-4.0692,-78.9567,83.44,89,60,2.8
95,Tasiilaq,GL,2022-02-02 22:55:54,65.6145,-37.6368,9.82,83,100,3.67
96,Lazaro Cardenas,MX,2022-02-02 22:56:37,17.9583,-102.2,79.56,57,0,8.3
97,Longyearbyen,SJ,2022-02-02 22:56:37,78.2186,15.6401,17.44,67,0,20.71
98,Pevek,RU,2022-02-02 22:46:55,69.7008,170.3133,-7.83,75,25,5.23
99,Srisailam,IN,2022-02-02 22:56:38,16.0833,78.8667,64.74,76,6,3.4
100,Macamic,CA,2022-02-02 22:56:39,48.7502,-78.9996,14.23,87,100,7.61
101,Sembe,CG,2022-02-02 22:56:40,1.6481,14.5806,78.67,52,99,2.1
102,Yate,GB,2022-02-02 22:56:40,51.5407,-2.4184,47.41,91,100,1.01
103,Mana,GF,2022-02-02 22:56:41,5.6592,-53.7767,77.07,86,50,10.83
104,Srednekolymsk,RU,2022-02-02 22:56:41,67.45,153.6833,-25.69,99,99,2.13
105,Prince Rupert,CA,2022-02-02 22:56:41,54.3161,-130.3201,39.29,100,100,2.3
106,Panguna,PG,2022-02-02 22:56:42,-6.3164,155.4848,76.77,77,99,2.13
107,Indiana,US,2022-02-02 22:54:58,40.0003,-86.2503,33.57,93,100,12.66
108,Mount Isa,AU,2022-02-02 22:56:43,-20.7333,139.5,80.37,78,75,9.22
109,Castro,BR,2022-02-02 22:56:43,-24.7911,-50.0119,65.95,92,40,5.7
110,Cherskiy,RU,2022-02-02 22:56:44,68.75,161.3,-16.02,67,60,0.94
111,Bereznik,RU,2022-02-02 22:56:44,62.8551,42.7072,10.53,98,100,2.26
112,Makakilo City,US,2022-02-02 22:50:11,21.3469,-158.0858,80.62,59,0,8.05
113,Krasnyy Chikoy,RU,2022-02-02 22:56:45,50.3643,108.7512,-9.27,100,100,2.01
114,Nikolskoye,RU,2022-02-02 22:56:45,59.7035,30.7861,21.09,98,99,0.87
115,Sistranda,NO,2022-02-02 22:56:46,63.7256,8.834,31.96,60,94,22.39
116,Hinton,CA,2022-02-02 22:56:46,53.4001,-117.5857,8.11,80,100,4.14
117,East London,ZA,2022-02-02 22:56:47,-33.0153,27.9116,74.53,94,67,12.88
118,Victoria,HK,2022-02-02 22:52:44,22.2855,114.1577,59.95,93,100,10.22
119,Cayenne,GF,2022-02-02 22:56:48,4.9333,-52.3333,80.1,84,100,5.01
120,Mahebourg,MU,2022-02-02 22:56:33,-20.4081,57.7,80.26,94,75,31.07
121,Praia Da Vitoria,PT,2022-02-02 22:56:49,38.7333,-27.0667,57.76,88,40,7.02
122,Harper,LR,2022-02-02 22:56:51,4.375,-7.7169,79.14,80,87,8.34
123,Emerald,AU,2022-02-02 22:56:52,-23.5333,148.1667,77.14,100,40,8.05
124,Cubuk,TR,2022-02-02 22:56:52,40.2386,33.0322,42.26,61,75,19.57
125,Kidal,ML,2022-02-02 22:56:53,18.4411,1.4078,64.9,12,1,10.71
126,Kaeo,NZ,2022-02-02 22:55:47,-35.1,173.7833,73.33,84,99,11.83
127,Fukue,JP,2022-02-02 22:56:53,32.6881,128.8419,45.99,58,100,18.59
128,Mbanza-Ngungu,CD,2022-02-02 22:56:54,-5.25,14.8667,67.57,93,100,4.18
129,Marfil,MX,2022-02-02 22:56:54,21.0,-101.2833,75.27,20,0,17.76
130,Hambantota,LK,2022-02-02 22:56:55,6.1241,81.1185,72.1,84,5,9.17
131,Ancud,CL,2022-02-02 22:49:38,-41.8697,-73.8203,68.23,78,96,5.59
132,Hualmay,PE,2022-02-02 22:48:07,-11.0964,-77.6139,73.24,73,5,12.66
133,Tiksi,RU,2022-02-02 22:56:56,71.6872,128.8694,-5.15,97,100,6.85
134,Lloydminster,CA,2022-02-02 22:56:56,53.2835,-110.0016,-11.52,76,20,12.66
135,Te Anau,NZ,2022-02-02 22:51:04,-45.4167,167.7167,62.02,79,100,4.99
136,Kenora,CA,2022-02-02 22:56:57,49.8167,-94.4337,-7.62,70,40,13.8
137,Sitka,US,2022-02-02 22:56:37,57.0531,-135.33,39.09,93,100,5.75
138,Constitucion,CL,2022-02-02 22:57:57,-35.3333,-72.4167,62.73,77,38,7.92
139,Luderitz,NA,2022-02-02 22:57:58,-26.6481,15.1594,68.27,78,69,1.88
140,Kodiak,US,2022-02-02 22:57:58,57.79,-152.4072,36.91,87,100,4.61
141,Salalah,OM,2022-02-02 22:51:01,17.0151,54.0924,72.28,29,0,11.05
142,Pocatello,US,2022-02-02 22:57:59,42.8713,-112.4455,21.85,78,61,7.0
143,Arraial Do Cabo,BR,2022-02-02 22:58:01,-22.9661,-42.0278,76.96,94,75,3.44
144,Ribeira Grande,PT,2022-02-02 22:58:01,38.5167,-28.7,59.68,74,9,9.6
145,Yar-Sale,RU,2022-02-02 22:58:02,66.8333,70.8333,0.64,97,100,13.38
146,Bubaque,GW,2022-02-02 22:55:55,11.2833,-15.8333,77.97,85,12,11.77
147,Chifeng,CN,2022-02-02 22:58:03,42.2683,118.9636,2.68,82,8,4.65
148,Chirilagua,SV,2022-02-02 22:58:03,13.2203,-88.1386,80.58,61,5,6.55
149,Lufilufi,WS,2022-02-02 22:58:03,-13.8745,-171.5986,74.98,77,100,17.69
150,Mareeba,AU,2022-02-02 22:58:04,-17.0,145.4333,82.49,91,100,6.49
151,Brandfort,ZA,2022-02-02 22:58:05,-28.7001,26.4597,67.41,69,64,5.06
152,Nago,JP,2022-02-02 22:58:05,26.5881,127.9761,69.87,89,66,8.39
153,Muros,ES,2022-02-02 22:58:06,42.7762,-9.0603,54.23,84,100,7.63
154,Krasnogorskoye,RU,2022-02-02 22:58:06,52.2953,86.1979,-4.25,100,98,2.68
155,Bethel,US,2022-02-02 22:58:07,41.3712,-73.414,40.41,100,100,1.86
156,Broome,US,2022-02-02 22:53:31,42.2506,-75.833,40.69,71,100,3.0
157,Vlakhiotis,GR,2022-02-02 22:58:07,36.8667,22.7,49.17,89,98,8.5
158,Georgetown,MY,2022-02-02 22:58:08,5.4112,100.3354,80.53,89,20,3.0
159,Morondava,MG,2022-02-02 22:58:08,-20.2833,44.2833,80.69,85,78,7.07
160,Kahului,US,2022-02-02 22:50:42,20.8947,-156.47,82.42,66,20,13.8
161,Plastun,RU,2022-02-02 22:58:09,44.7561,136.2939,6.13,76,99,6.11
162,Flin Flon,CA,2022-02-02 22:58:10,54.7682,-101.865,-11.36,53,0,12.66
163,Poum,NC,2022-02-02 22:58:10,-20.2333,164.0167,80.1,75,0,5.88
164,Westport,US,2022-02-02 22:51:07,41.1415,-73.3579,42.62,93,0,3.0
165,Kingisepp,RU,2022-02-02 22:58:12,59.3733,28.6134,8.8,99,95,0.85
166,Kavieng,PG,2022-02-02 22:53:59,-2.5744,150.7967,78.96,84,100,14.27
167,Haines Junction,CA,2022-02-02 22:53:20,60.7522,-137.5108,1.35,60,100,2.3
168,Sesheke,ZM,2022-02-02 22:58:13,-17.4759,24.2968,67.03,89,6,3.91
169,Pospelikha,RU,2022-02-02 22:58:14,51.95,81.7667,-7.26,100,74,1.12
170,Raga,SS,2022-02-02 22:56:26,8.4596,25.678,74.86,23,92,3.76
171,Meulaboh,ID,2022-02-02 22:58:14,4.1363,96.1285,75.81,86,66,4.27
172,Thompson,CA,2022-02-02 22:58:15,55.7435,-97.8558,-9.24,59,20,12.66
173,Acarau,BR,2022-02-02 22:58:16,-2.8856,-40.12,79.66,80,54,11.52
174,General Roca,AR,2022-02-02 22:58:16,-39.0333,-67.5833,90.0,23,6,20.36
175,Asau,RO,2022-02-02 22:58:18,46.4333,26.4,22.28,89,87,6.24
176,Wahiawa,US,2022-02-02 22:58:18,21.5028,-158.0236,76.77,60,0,1.81
177,Mnogovershinnyy,RU,2022-02-02 22:55:24,53.9353,139.9242,-8.43,94,98,5.64
178,Dali,CN,2022-02-02 22:58:19,25.7,100.1833,33.67,86,4,3.78
179,Vila,PT,2022-02-02 22:58:19,42.0304,-8.1588,43.68,78,96,4.29
180,Riacho De Santana,BR,2022-02-02 22:58:20,-13.6092,-42.9389,73.44,81,68,1.48
181,Faya,SA,2022-02-02 22:58:21,18.3851,42.4509,53.71,67,10,1.19
182,Male,MV,2022-02-02 22:58:21,4.1748,73.5089,82.35,78,75,12.66
183,Matara,LK,2022-02-02 22:56:06,5.9485,80.5353,70.84,89,4,6.53
184,Besikduzu,TR,2022-02-02 22:59:25,41.052,39.2284,64.29,66,100,10.69
185,Olafsvik,IS,2022-02-02 22:52:33,64.8945,-23.7142,30.25,52,98,4.27
186,Sao Joao Da Barra,BR,2022-02-02 22:59:27,-21.6403,-41.0511,74.88,90,100,6.85
187,Marsh Harbour,BS,2022-02-02 22:57:46,26.5412,-77.0636,71.46,63,8,16.24
188,Kavaratti,IN,2022-02-02 22:57:12,10.5669,72.642,79.39,73,15,11.16
189,Butaritari,KI,2022-02-02 22:57:02,3.0707,172.7902,81.66,79,28,17.27
190,San Ignacio,BZ,2022-02-02 22:59:30,17.1561,-89.0714,89.74,58,20,4.61
191,Caravelas,BR,2022-02-02 22:59:31,-17.7125,-39.2481,77.76,86,100,4.99
192,Chokurdakh,RU,2022-02-02 22:59:33,70.6333,147.9167,-21.08,98,93,7.23
193,Tongzi,CN,2022-02-02 22:59:33,28.7829,105.0877,37.83,91,30,2.3
194,Yellowknife,CA,2022-02-02 22:55:58,62.456,-114.3525,-24.45,75,20,3.44
195,Narsaq,GL,2022-02-02 22:59:36,60.9167,-46.05,1.15,64,65,8.28
196,Itoman,JP,2022-02-02 22:59:37,26.1247,127.6694,69.82,88,75,18.41
197,Santa Cruz,BO,2022-02-02 22:59:33,-17.8,-63.1667,87.85,62,20,13.8
198,Kaduqli,SD,2022-02-02 22:59:39,11.0167,29.7167,73.83,21,5,5.64
199,Bridlington,GB,2022-02-02 22:59:42,54.0831,-0.1919,50.18,89,100,15.79
200,Hovd,MN,2022-02-02 22:59:43,48.0056,91.6419,-5.87,99,95,0.49
201,Kruisfontein,ZA,2022-02-02 22:59:43,-34.0033,24.7314,68.88,92,100,7.38
202,Kununurra,AU,2022-02-02 22:52:34,-15.7667,128.7333,78.78,89,40,5.75
203,Bentiu,SS,2022-02-02 22:59:44,9.2333,29.8333,76.6,24,86,4.25
204,Comodoro Rivadavia,AR,2022-02-02 22:55:23,-45.8667,-67.5,84.06,21,0,14.97
205,Batagay-Alyta,RU,2022-02-02 22:59:45,67.8006,130.4114,-25.6,99,62,3.74
206,Talcahuano,CL,2022-02-02 22:59:45,-36.7167,-73.1167,64.08,72,0,10.36
207,Havre-Saint-Pierre,CA,2022-02-02 22:56:37,50.2334,-63.5986,26.6,86,100,13.8
208,Margate,GB,2022-02-02 22:59:47,51.3813,1.3862,47.75,88,100,1.99
209,Yebaishou,CN,2022-02-02 22:59:47,41.3975,119.6408,4.01,80,0,3.6
210,Bukama,CD,2022-02-02 22:59:50,-9.2,25.85,68.2,96,100,0.81
211,Waddan,LY,2022-02-02 22:59:51,29.1614,16.139,47.44,60,17,12.3
212,Beloha,MG,2022-02-02 22:59:52,-25.1667,45.05,72.32,75,0,13.6
213,Alice Springs,AU,2022-02-02 22:59:53,-23.7,133.8833,65.75,82,40,12.66
214,Siayan,PH,2022-02-02 22:59:54,8.2667,123.1,76.14,87,87,3.29
215,Batasan,PH,2022-02-02 22:59:55,12.7667,120.7833,79.36,74,64,0.96
216,Mount Gambier,AU,2022-02-02 22:55:55,-37.8333,140.7667,58.91,63,100,11.5
217,Mahibadhoo,MV,2022-02-02 22:59:30,3.7833,72.9667,81.82,71,4,9.33
218,Omboue,GA,2022-02-02 22:57:11,-1.5746,9.2618,77.67,86,86,5.61
219,Atuona,PF,2022-02-02 22:59:56,-9.8,-139.0333,78.39,76,94,15.35
220,Deep River,CA,2022-02-02 23:00:01,46.1001,-77.4995,32.95,97,100,7.11
221,Calamar,CO,2022-02-02 23:00:03,10.2511,-74.9146,87.31,49,20,13.44
222,Hasaki,JP,2022-02-02 23:00:04,35.7333,140.8333,27.0,52,44,12.08
223,Katrineholm,SE,2022-02-02 23:00:06,58.9959,16.2072,26.04,87,64,3.94
224,Kaitangata,NZ,2022-02-02 23:00:07,-46.2817,169.8464,54.03,94,100,5.06
225,Pala,TD,2022-02-02 23:00:10,9.3642,14.9046,72.95,19,7,9.82
226,Zabid,YE,2022-02-02 23:00:11,14.1951,43.3152,77.18,78,97,4.9
227,Upernavik,GL,2022-02-02 22:59:30,72.7868,-56.1549,-8.32,67,97,9.95
228,Tuatapere,NZ,2022-02-02 23:00:14,-46.1333,167.6833,58.82,81,100,7.2
229,Leningradskiy,RU,2022-02-02 22:52:24,69.3833,178.4167,-13.59,94,30,9.89
230,Fortuna,US,2022-02-02 23:00:17,40.5982,-124.1573,58.48,73,0,7.0
231,Manoel Urbano,BR,2022-02-02 23:01:19,-8.8389,-69.2597,74.41,96,97,2.84
232,Salamiyah,SY,2022-02-02 23:01:20,35.0113,37.0532,49.91,50,99,14.29
233,Mendi,PG,2022-02-02 23:01:21,-6.1761,143.6513,59.4,81,100,1.48
234,Rongcheng,CN,2022-02-02 23:01:21,30.634,117.8517,35.78,99,100,4.09
235,Zhigansk,RU,2022-02-02 23:01:22,66.7697,123.3711,-12.44,99,100,6.49
236,Mbigou,GA,2022-02-02 23:01:23,-1.9005,11.906,68.27,97,100,3.56
237,Paamiut,GL,2022-02-02 23:01:24,61.994,-49.6678,9.64,62,100,17.83
238,Naze,JP,2022-02-02 22:59:23,28.3667,129.4833,54.52,88,100,24.29
239,Ostrovnoy,RU,2022-02-02 22:57:50,68.0531,39.5131,20.79,91,100,14.63
240,Esperance,AU,2022-02-02 23:01:25,-33.8667,121.9,64.15,64,4,16.13
241,Obo,CF,2022-02-02 23:01:25,5.3998,26.4869,75.97,25,74,5.64
242,Tsabong,BW,2022-02-02 23:01:26,-26.0217,22.401,73.45,77,95,13.2
243,Znamenskoye,RU,2022-02-02 22:59:35,57.1281,73.8282,18.09,88,100,8.59
244,Benguela,AO,2022-02-02 23:01:27,-12.5763,13.4055,73.98,75,25,2.26
245,Palmer,US,2022-02-02 23:01:27,42.1584,-72.3287,41.38,76,99,1.57
246,Nuuk,GL,2022-02-02 23:01:27,64.1835,-51.7216,11.01,56,75,9.22
247,Muli,MV,2022-02-02 23:01:30,2.9167,73.5667,82.02,71,13,9.42
248,Gao,ML,2022-02-02 23:01:30,16.6362,1.637,65.64,11,0,10.38
249,Rio Gallegos,AR,2022-02-02 23:01:31,-51.6226,-69.2181,55.36,60,100,17.96
250,Necochea,AR,2022-02-02 23:01:31,-38.5473,-58.7368,81.61,52,100,9.86
251,Poya,NC,2022-02-02 22:59:06,-21.35,165.15,85.08,63,29,3.29
252,Roald,NO,2022-02-02 23:01:34,62.5833,6.1333,33.94,80,0,10.36
253,Northam,GB,2022-02-02 23:01:35,51.0333,-4.2167,47.91,92,100,9.46
254,Rioja,AR,2022-02-02 23:01:36,-29.4111,-66.8507,84.07,45,36,6.08
255,Nouadhibou,MR,2022-02-02 23:01:36,20.931,-17.0347,67.21,74,1,17.81
256,San Policarpo,PH,2022-02-02 22:58:50,12.1791,125.5072,79.11,83,81,16.87
257,Lagoa,PT,2022-02-02 23:01:37,39.05,-27.9833,58.17,73,5,7.61
258,Santa Isabel Do Rio Negro,BR,2022-02-02 23:01:38,-0.4139,-65.0192,78.01,85,96,4.25
259,Farafangana,MG,2022-02-02 23:01:38,-22.8167,47.8333,73.94,79,31,6.46
260,Tura,IN,2022-02-02 22:59:52,25.5198,90.2201,58.93,54,80,2.75
261,Gamboma,CG,2022-02-02 23:01:39,-1.8764,15.8644,74.61,84,100,1.83
262,Yulara,AU,2022-02-02 23:01:39,-25.2406,130.9889,66.61,63,100,18.75
263,San Cristobal,VE,2022-02-02 23:01:39,7.7669,-72.225,74.91,41,21,3.22
264,Maralal,KE,2022-02-02 23:01:40,1.0968,36.698,59.13,74,97,3.09
265,Rodas,CU,2022-02-02 23:01:40,22.3408,-80.5572,77.61,62,72,13.31
266,Trinidad,BO,2022-02-02 23:01:41,-14.8333,-64.9,75.76,94,63,4.43
267,Maku,IR,2022-02-02 23:01:41,39.2911,44.4521,23.67,76,100,5.93
268,Yumen,CN,2022-02-02 23:00:49,40.2833,97.2,20.8,37,100,10.2
269,Thunder Bay,CA,2022-02-02 22:57:31,48.4001,-89.3168,1.38,48,0,14.97
270,Bayan,CN,2022-02-02 23:01:42,46.0833,127.4,-6.21,99,99,4.03
271,Karratha,AU,2022-02-02 23:01:42,-20.7377,116.8463,81.97,71,100,5.44
272,Burgersdorp,ZA,2022-02-02 23:01:43,-30.9977,26.3286,68.27,80,60,7.72
273,Parati,BR,2022-02-02 23:01:44,-23.2178,-44.7131,73.8,97,100,2.3
274,Kiomboi,TZ,2022-02-02 23:01:44,-4.2667,34.3667,60.91,75,100,3.04
275,Abu Samrah,SY,2022-02-02 23:01:45,35.3029,37.1841,48.42,55,92,11.23
276,Kisangani,CD,2022-02-02 23:02:45,0.5167,25.2,73.9,68,100,2.15
277,Porto Santo,PT,2022-02-02 23:02:46,33.072,-16.3415,65.3,94,40,10.36
278,Coruche,PT,2022-02-02 23:02:46,38.9595,-8.5252,56.44,66,100,3.13
279,Talnakh,RU,2022-02-02 23:02:47,69.4865,88.3972,-7.55,99,93,6.22
280,Kamphaeng Phet,TH,2022-02-02 23:02:47,16.25,99.5,71.76,53,33,3.22
281,Moncton,CA,2022-02-02 23:00:14,46.1159,-64.8019,34.59,89,99,11.03
282,Airai,TL,2022-02-02 23:02:48,-8.9266,125.4092,62.89,85,100,2.77
283,Vostochnyy,RU,2022-02-02 23:02:49,55.8167,37.8667,23.18,99,100,3.58
284,Sundarnagar,IN,2022-02-02 23:02:49,31.5333,76.8833,48.81,78,97,4.79
285,Cleveland,US,2022-02-02 22:58:47,41.4995,-81.6954,41.02,92,100,12.66
286,Wilmington,US,2022-02-02 23:01:56,34.2257,-77.9447,55.9,79,100,4.61
287,Portland,US,2022-02-02 22:58:51,45.5234,-122.6762,46.62,92,100,1.01
288,Tevriz,RU,2022-02-02 23:01:47,57.509,72.4042,21.13,94,100,7.58
289,Yangjiang,CN,2022-02-02 23:02:52,21.85,111.9667,53.94,89,100,8.63
290,Pisco,PE,2022-02-02 22:57:59,-13.7,-76.2167,77.05,57,0,20.71
291,Nyurba,RU,2022-02-02 23:02:54,63.2842,118.3319,-34.6,100,85,2.71
292,Dryden,CA,2022-02-02 23:02:54,49.7833,-92.7503,-9.11,64,40,9.22
293,Aykhal,RU,2022-02-02 23:02:55,66.0,111.5,-21.01,100,5,3.38
294,Evensk,RU,2022-02-02 23:02:56,61.95,159.2333,22.35,38,100,28.07
295,Walvis Bay,NA,2022-02-02 23:02:57,-22.9575,14.5053,68.09,75,3,8.93
296,Mirnyy,RU,2022-02-02 23:02:58,62.5353,113.9611,-32.44,100,7,3.87
297,Platteville,US,2022-02-02 22:58:21,42.7342,-90.4785,16.36,62,40,10.36
298,Liverpool,GB,2022-02-02 23:00:22,53.4106,-2.9779,49.68,88,75,1.01
299,Maceio,BR,2022-02-02 23:03:00,-9.6658,-35.7353,80.04,83,0,4.61
300,Grand Gaube,MU,2022-02-02 23:03:02,-20.0064,57.6608,80.38,82,100,18.01
301,Bulgan,MN,2022-02-02 22:59:19,48.8125,103.5347,-6.25,86,8,4.52
302,Tingi,TZ,2022-02-02 23:03:03,-11.3,35.0333,63.77,95,60,3.31
303,Camacha,PT,2022-02-02 23:03:04,33.0833,-16.3333,62.53,94,40,10.36
304,Polyarnyy,RU,2022-02-02 23:03:05,69.1989,33.4478,1.87,94,100,3.8
305,Katsuura,JP,2022-02-02 23:03:05,35.1333,140.3,42.19,51,44,8.3
306,Igrim,RU,2022-02-02 23:03:06,63.1906,64.4162,8.58,97,100,3.91
307,Sinop,TR,2022-02-02 23:03:07,41.7711,34.8709,38.86,84,100,13.6
308,Fare,PF,2022-02-02 23:03:08,-16.7,-151.0167,81.14,75,13,17.76
309,Lagos,NG,2022-02-02 23:03:07,6.5833,3.75,74.62,86,16,3.22
310,Mangrol,IN,2022-02-02 23:03:09,21.1167,70.1167,71.51,81,18,12.93
311,Sembakung,ID,2022-02-02 23:03:09,3.8167,117.25,75.13,98,100,1.01
312,Yurga,RU,2022-02-02 23:03:10,55.7231,84.8861,10.4,97,100,4.5
313,Khor,RU,2022-02-02 23:03:11,47.8861,134.9464,-15.77,100,87,4.5
314,Taree,AU,2022-02-02 23:03:12,-31.9,152.4667,71.11,100,100,9.22
315,Jalu,LY,2022-02-02 23:03:13,29.0331,21.5482,52.39,59,45,16.71
316,Suluq,LY,2022-02-02 23:03:14,31.6682,20.2521,51.4,64,63,14.41
317,Aripuana,BR,2022-02-02 23:03:15,-9.1667,-60.6333,73.92,96,93,0.92
318,Barrow,US,2022-02-02 23:00:47,71.2906,-156.7887,-20.18,69,0,4.61
319,Dasoguz,TM,2022-02-02 23:03:17,41.8363,59.9666,31.66,78,0,9.06
320,Lodja,CD,2022-02-02 23:03:19,-3.4833,23.4333,68.86,99,100,1.12
321,Palana,RU,2022-02-02 23:04:20,59.1167,159.9667,11.61,87,100,13.09
322,Velsk,RU,2022-02-02 23:04:20,61.0701,42.0983,9.64,99,97,3.33
323,Aksarka,RU,2022-02-02 23:04:21,66.5606,67.7975,4.51,97,100,4.23
324,La Ronge,CA,2022-02-02 23:00:13,55.1001,-105.2842,-9.62,89,6,4.68
325,Souillac,MU,2022-02-02 23:04:22,-20.5167,57.5167,80.37,89,100,28.68
326,Lata,PT,2022-02-02 23:04:25,40.1629,-8.3327,49.06,73,96,2.35
327,Coihaique,CL,2022-02-02 23:04:11,-45.5752,-72.0662,64.35,55,75,9.22
328,Bakchar,RU,2022-02-02 23:04:26,57.0186,82.0711,2.64,100,97,4.9
329,Kieta,PG,2022-02-02 23:04:27,-6.2167,155.6333,84.04,72,100,10.4
330,Anadyr,RU,2022-02-02 23:04:28,64.75,177.4833,9.1,71,0,35.79
331,Tsilna,RU,2022-02-02 23:04:28,54.5953,48.1414,28.58,98,100,2.17
332,Leshukonskoye,RU,2022-02-02 23:04:29,64.8989,45.7622,8.2,98,97,2.44
333,Agadez,NE,2022-02-02 23:04:29,19.75,10.25,55.2,22,0,13.85
334,Atikokan,CA,2022-02-02 23:04:30,48.7555,-91.6216,-6.93,87,100,8.66
335,Alexander City,US,2022-02-02 23:01:22,32.944,-85.9539,60.42,88,100,0.0
336,Lejanias,CO,2022-02-02 23:04:31,3.5251,-74.0216,81.0,43,95,3.02
337,Port Hardy,CA,2022-02-02 23:00:13,50.6996,-127.4199,37.76,98,100,14.41
338,Bambanglipuro,ID,2022-02-02 23:04:33,-7.95,110.2833,59.61,83,100,3.67
339,Sorland,NO,2022-02-02 23:04:36,67.667,12.6934,28.53,59,100,15.55
340,Istanbul,TR,2022-02-02 23:04:36,41.0351,28.9833,47.07,93,75,17.27
341,Iqaluit,CA,2022-02-02 23:04:37,63.7506,-68.5145,2.12,97,100,7.56
342,Yaring,TH,2022-02-02 23:04:37,6.8662,101.3689,76.57,87,40,10.27
343,Mecca,SA,2022-02-02 23:00:09,21.4267,39.8261,69.33,71,0,2.46
344,Buchanan,LR,2022-02-02 23:04:39,5.8808,-10.0467,79.54,82,25,7.56
345,Saint George,US,2022-02-02 23:00:15,37.1041,-113.5841,43.63,19,1,5.99
346,Ambulu,ID,2022-02-02 23:04:40,-8.345,113.6058,75.72,90,13,3.6
347,San Agustin,MX,2022-02-02 23:04:40,20.5333,-103.4667,79.92,22,0,13.8
348,Debre Tabor,ET,2022-02-02 23:04:42,11.85,38.0167,55.08,71,92,1.01
349,Pitimbu,BR,2022-02-02 23:04:42,-7.4706,-34.8086,82.99,71,39,12.93
350,Novyy Urengoy,RU,2022-02-02 23:04:43,66.0833,76.6333,-13.36,99,89,10.85
351,Turukhansk,RU,2022-02-02 23:04:45,65.8167,87.9833,-0.69,97,99,6.08
352,Muromtsevo,RU,2022-02-02 23:04:45,56.3724,75.2418,12.7,91,100,8.21
353,Fourmies,FR,2022-02-02 23:04:46,50.0153,4.0478,45.61,98,100,5.95
354,Samarai,PG,2022-02-02 23:04:47,-10.6167,150.6667,81.59,75,98,6.58
355,Mar Del Plata,AR,2022-02-02 23:04:47,-38.0023,-57.5575,78.1,72,94,4.7
356,Darnah,LY,2022-02-02 23:04:48,32.767,22.6367,50.94,73,33,15.5
357,Elizabeth City,US,2022-02-02 23:04:49,36.2946,-76.2511,49.01,88,100,9.22
358,Bilibino,RU,2022-02-02 23:04:51,68.0546,166.4372,-6.84,63,49,4.9
359,Kupang,ID,2022-02-02 23:04:53,-10.1667,123.5833,79.12,83,99,9.08
360,Wattegama,LK,2022-02-02 23:04:53,6.7989,81.4808,66.76,92,47,3.98
361,Aklavik,CA,2022-02-02 23:04:54,68.2191,-135.0107,-22.16,97,100,2.59
362,Avera,US,2022-02-02 23:02:54,33.194,-82.5271,65.71,77,93,5.79
363,Kaliganj,BD,2022-02-02 23:04:56,23.4095,89.1402,61.34,70,3,3.38
364,Hammerfest,NO,2022-02-02 23:04:57,70.6634,23.6821,16.25,79,0,3.44
365,Ixtapa,MX,2022-02-02 23:04:57,20.7,-105.2,76.23,57,0,10.36
366,San Matias,BO,2022-02-02 23:04:58,-16.3667,-58.4,77.27,89,65,6.44
367,Osinki,RU,2022-02-02 23:04:58,52.8432,49.5132,30.92,96,100,18.57
368,Grindavik,IS,2022-02-02 23:03:58,63.8424,-22.4338,25.27,86,40,6.91
369,Gusinoye Ozero,RU,2022-02-02 23:05:59,51.1144,106.2614,-9.47,97,79,3.0
370,Padang,ID,2022-02-02 23:01:28,-0.9492,100.3543,76.78,86,68,3.58
371,Baykit,RU,2022-02-02 23:06:01,61.67,96.37,1.54,99,100,2.06
372,Myrtle Beach,US,2022-02-02 23:05:03,33.6891,-78.8867,57.97,82,20,6.91
373,Rassvet,RU,2022-02-02 23:06:03,46.8333,40.75,42.91,96,100,2.24
374,Dalbandin,PK,2022-02-02 23:06:03,28.8947,64.4101,46.72,34,0,4.74
375,Fort Saint James,CA,2022-02-02 23:06:04,54.4333,-124.25,8.62,94,100,2.51
376,Benoy,TD,2022-02-02 23:06:05,8.9833,16.3199,72.95,18,3,6.98
377,Gigmoto,PH,2022-02-02 23:06:05,13.7796,124.39,77.4,88,100,11.86
378,Rawson,AR,2022-02-02 23:06:06,-43.3002,-65.1023,71.94,43,100,13.15
379,Tres Arroyos,AR,2022-02-02 23:06:07,-38.3739,-60.2798,82.35,43,100,14.43
380,Teya,RU,2022-02-02 23:06:07,60.3778,92.6267,13.55,94,100,5.26
381,Mandera,KE,2022-02-02 23:06:08,3.9366,41.867,83.32,34,96,7.02
382,Vardo,NO,2022-02-02 23:06:11,70.3705,31.1107,21.4,60,100,18.9
383,Ambon,ID,2022-02-02 23:06:11,-3.6954,128.1814,77.14,88,20,4.61
384,Cururupu,BR,2022-02-02 23:06:12,-1.8283,-44.8683,74.61,94,99,3.78
385,Deniliquin,AU,2022-02-02 23:06:12,-35.5333,144.9667,64.0,46,0,17.87
386,Meadow Lake,US,2022-02-02 23:06:13,34.8014,-106.5436,29.61,87,100,12.77
387,Oistins,BB,2022-02-02 23:06:13,13.0667,-59.5333,78.89,73,20,14.97
388,Ambunti,PG,2022-02-02 23:06:15,-4.2365,142.8448,76.33,85,100,1.25
389,Palafrugell,ES,2022-02-02 23:06:15,41.9174,3.1631,50.43,80,6,4.14
390,Panaba,MX,2022-02-02 23:06:16,21.2833,-88.2667,83.5,56,49,13.78
391,Sola,VU,2022-02-02 23:06:16,-13.8833,167.55,80.98,78,98,6.49
392,Olinda,BR,2022-02-02 23:03:12,-8.0089,-34.8553,81.27,71,44,12.35
393,Dudinka,RU,2022-02-02 23:06:20,69.4058,86.1778,-10.86,100,97,4.88
394,Pangody,RU,2022-02-02 23:06:20,65.85,74.4859,-2.07,95,97,14.67
395,Mogadishu,SO,2022-02-02 23:06:21,2.0371,45.3438,77.54,87,69,19.77
396,Plouzane,FR,2022-02-02 23:06:21,48.3833,-4.6167,44.92,100,100,10.36
397,Pineville,US,2022-02-02 23:04:07,31.3224,-92.4343,71.87,64,0,6.91
398,Alexandria,EG,2022-02-02 23:01:49,31.2156,29.9553,55.53,49,100,9.15
399,Yuanping,CN,2022-02-02 23:06:24,38.7153,112.7575,19.67,27,0,2.82
400,Bathsheba,BB,2022-02-02 23:06:24,13.2167,-59.5167,79.41,73,20,14.97
401,Senador Jose Porfirio,BR,2022-02-02 23:06:25,-2.5908,-51.9542,78.17,77,86,4.0
402,Ponta Delgada,PT,2022-02-02 23:06:27,37.7333,-25.6667,58.5,77,20,5.75
403,Tezu,IN,2022-02-02 23:01:54,27.9167,96.1667,53.94,62,87,4.12
404,Jaisalmer,IN,2022-02-02 23:06:28,26.9147,70.9181,60.85,31,0,13.6
405,Alofi,NU,2022-02-02 23:06:28,-19.0595,-169.9187,76.89,88,75,10.36
406,Coahuayana,MX,2022-02-02 23:06:29,18.7333,-103.6833,85.48,42,0,6.49
407,Sembabule,UG,2022-02-02 23:06:29,-0.0772,31.4567,66.6,79,79,3.18
408,Vaitape,PF,2022-02-02 23:06:30,-16.5167,-151.75,81.16,72,17,19.44
409,Carrollton,US,2022-02-02 23:05:20,32.9537,-96.8903,37.83,85,100,1.01
410,Ekpoma,NG,2022-02-02 23:06:31,6.7421,6.139,69.6,64,28,4.92
411,Warri,NG,2022-02-02 23:06:31,5.5167,5.75,77.67,77,5,3.11
412,Omsukchan,RU,2022-02-02 23:06:32,62.5333,155.8,-12.73,99,100,5.64
413,Khorixas,NA,2022-02-02 23:06:33,-20.3667,14.9667,65.89,60,58,10.36
414,Thinadhoo,MV,2022-02-02 23:04:44,0.5333,72.9333,82.2,71,8,6.51
415,Warrnambool,AU,2022-02-02 23:06:34,-38.3833,142.4833,60.82,66,99,14.74
416,Umm Lajj,SA,2022-02-02 23:07:35,25.0213,37.2685,68.97,48,0,6.69
417,Huambo,AO,2022-02-02 23:07:37,-12.7761,15.7392,63.79,74,92,3.0
418,Ayan,RU,2022-02-02 23:07:38,56.45,138.1667,-3.53,69,100,15.99
419,Mildura,AU,2022-02-02 23:07:01,-34.2,142.15,64.08,59,0,20.04
420,Svetlyy,RU,2022-02-02 23:07:40,54.675,20.1347,31.96,73,100,12.12
421,Bahia Honda,CU,2022-02-02 23:07:42,22.9036,-83.1592,76.23,70,19,9.04
422,Botucatu,BR,2022-02-02 23:07:43,-22.8858,-48.445,65.62,97,93,1.77
423,Trairi,BR,2022-02-02 23:07:43,-3.2778,-39.2689,78.8,80,17,8.37
424,Petropavlovsk-Kamchatskiy,RU,2022-02-02 23:05:16,53.0452,158.6483,25.39,80,75,4.47
425,Borazjan,IR,2022-02-02 23:07:16,29.2666,51.2159,57.88,56,0,1.86
426,Ampanihy,MG,2022-02-02 23:07:45,-24.7,44.75,71.1,73,0,9.82
427,Gat,IL,2022-02-02 23:05:02,31.61,34.7642,59.4,54,98,2.57
428,Chapais,CA,2022-02-02 23:07:45,49.7834,-74.8492,11.98,90,100,7.72
429,Kyra,RU,2022-02-02 23:07:46,49.5776,111.9753,-13.43,93,11,5.44
430,High Level,CA,2022-02-02 23:07:46,58.5169,-117.136,-10.55,96,97,2.51
431,Kankakee,US,2022-02-02 23:07:47,41.15,-87.8667,26.67,94,100,16.11
432,Mancio Lima,BR,2022-02-02 23:07:47,-7.6142,-72.8958,79.54,75,100,3.4
433,Wewak,PG,2022-02-02 23:07:48,-3.5534,143.6268,78.93,83,100,5.61
434,Sibolga,ID,2022-02-02 23:07:49,1.7427,98.7792,75.88,81,85,2.93
435,Oktyabrskoye,RU,2022-02-02 23:07:51,43.0645,44.7417,26.74,100,83,2.24
436,Pingliang,CN,2022-02-02 23:07:52,35.5392,106.6861,15.8,92,70,2.62
437,Svetlaya,RU,2022-02-02 23:07:52,46.5389,138.3297,5.97,74,14,9.35
438,Aksu,CN,2022-02-02 23:07:53,41.1231,80.2644,22.12,55,93,1.66
439,Colesberg,ZA,2022-02-02 23:07:56,-30.72,25.0972,69.73,74,46,14.72
440,Mayo,US,2022-02-02 23:07:56,38.8876,-76.5119,48.07,79,0,1.01
441,Verkhoyansk,RU,2022-02-02 23:07:57,67.5447,133.385,-34.73,100,72,1.66
442,Gobabis,NA,2022-02-02 23:07:58,-22.45,18.9667,65.79,81,79,4.61
443,Portlethen,GB,2022-02-02 23:07:58,57.0547,-2.1307,50.77,81,100,1.99
444,Cooma,AU,2022-02-02 23:07:59,-36.2333,149.1333,53.37,71,100,13.8
445,Ust-Ishim,RU,2022-02-02 23:08:01,57.6935,71.1665,21.69,94,100,8.25
446,Bereda,ES,2022-02-02 23:08:03,43.2686,-7.5406,48.42,96,95,1.9
447,Pangnirtung,CA,2022-02-02 23:08:04,66.1451,-65.7125,4.48,83,100,7.43
448,San Quintin,MX,2022-02-02 23:08:05,30.4833,-115.95,61.27,57,0,11.27
449,Saquisili,EC,2022-02-02 23:08:08,-0.8333,-78.6667,55.63,62,20,18.41
450,Dalvik,IS,2022-02-02 23:08:08,65.9702,-18.5286,20.73,91,97,4.52
451,Ilulissat,GL,2022-02-02 23:07:18,69.2167,-51.1,-0.38,50,88,25.32
452,Ahuimanu,US,2022-02-02 23:08:10,21.4447,-157.8378,82.11,63,40,3.0
453,Yenagoa,NG,2022-02-02 23:08:10,4.9247,6.2642,79.5,74,7,5.68
454,Los Llanos De Aridane,ES,2022-02-02 23:08:12,28.6585,-17.9182,67.12,60,75,7.0
455,Beringovskiy,RU,2022-02-02 23:08:15,63.05,179.3167,4.39,78,83,20.24
456,Garissa,KE,2022-02-02 23:08:16,-0.4536,39.6401,79.5,70,100,9.35
457,Ayagoz,KZ,2022-02-02 23:08:16,47.9714,80.4392,0.09,83,100,9.13
458,Kresttsy,RU,2022-02-02 23:08:17,58.2452,32.5165,18.91,98,100,1.83
459,Barahona,DO,2022-02-02 23:08:17,18.2085,-71.1008,76.42,76,2,7.83
460,Perth,AU,2022-02-02 23:03:42,-31.9333,115.8333,78.1,36,0,18.41
461,Nador,MA,2022-02-02 23:07:28,35.174,-2.9287,53.85,62,0,4.61
462,Half Moon Bay,US,2022-02-02 23:04:55,37.4636,-122.4286,65.19,31,0,3.0
463,Itarema,BR,2022-02-02 23:08:21,-2.9248,-39.9167,79.57,79,52,10.87
464,Berlevag,NO,2022-02-02 23:09:22,70.8578,29.0864,26.85,64,100,11.88
465,Japura,ID,2022-02-02 23:09:22,-0.3167,102.35,71.78,97,95,1.05
466,Guerrero Negro,MX,2022-02-02 23:09:23,27.9769,-114.0611,64.6,44,2,13.82
467,Huarmey,PE,2022-02-02 23:09:23,-10.0681,-78.1522,73.87,74,63,11.9
468,Nishihara,JP,2022-02-02 23:09:24,26.1842,127.7558,69.08,88,75,18.41
469,Shu,KZ,2022-02-02 23:09:24,43.5983,73.7614,31.91,70,100,6.2
470,Bowen,AU,2022-02-02 23:09:25,-20.0167,148.2333,83.5,73,100,2.93
471,Katobu,ID,2022-02-02 23:04:48,-4.9408,122.5276,77.05,86,100,1.95
472,Bara,NG,2022-02-02 23:09:26,10.3744,10.7288,67.71,15,6,9.33
473,Taitung,TW,2022-02-02 23:06:24,22.7583,121.1444,66.47,88,75,3.44
474,Quang Ngai,VN,2022-02-02 23:07:32,15.1167,108.8,70.52,91,100,5.73
475,Matagalpa,NI,2022-02-02 23:09:26,12.9256,-85.9175,79.61,64,20,4.61
476,Namibe,AO,2022-02-02 23:09:28,-15.1961,12.1522,72.5,71,84,10.76
477,Shakawe,BW,2022-02-02 23:09:28,-18.3667,21.85,68.13,90,92,3.83
478,Rudnogorsk,RU,2022-02-02 23:09:29,57.2639,103.7519,-17.25,100,99,1.39
479,Sorong,ID,2022-02-02 23:09:29,-0.8833,131.25,77.85,86,100,5.01
480,Lompoc,US,2022-02-02 23:06:13,34.6391,-120.4579,66.78,18,0,16.11
481,Egvekinot,RU,2022-02-02 23:05:09,66.3167,-179.1667,-7.67,78,6,19.44
482,San Carlos,VE,2022-02-02 23:09:30,9.6612,-68.5827,85.3,45,69,0.72
483,Kwinana,AU,2022-02-02 23:09:31,-32.25,115.7667,78.24,40,73,17.02
484,Neuquen,AR,2022-02-02 23:09:32,-38.9516,-68.0591,85.89,32,40,5.75
485,North Platte,US,2022-02-02 23:09:33,41.1239,-100.7654,13.89,32,100,8.99
486,Carutapera,BR,2022-02-02 23:09:34,-1.195,-46.02,75.92,91,100,7.72
487,Mwanza,TZ,2022-02-02 23:09:34,-2.5167,32.9,66.47,82,90,3.4
488,Tilichiki,RU,2022-02-02 23:09:35,60.4667,166.1,2.55,82,100,10.56
489,Koutsouras,GR,2022-02-02 23:09:35,35.0339,25.9469,56.1,68,99,22.77
490,Lastoursville,GA,2022-02-02 23:09:36,-0.8143,12.7287,74.1,94,98,2.8
491,Oblivskaya,RU,2022-02-02 23:09:38,48.5362,42.5014,37.31,96,100,16.17
492,Bardiyah,LY,2022-02-02 23:09:38,31.7561,25.0865,52.88,71,100,13.49
493,Riberalta,BO,2022-02-02 23:09:39,-10.9833,-66.1,84.4,79,75,0.0
494,Kendari,ID,2022-02-02 23:09:39,-3.945,122.4989,76.19,91,100,2.3
495,Pop,UZ,2022-02-02 23:09:40,40.8736,71.1089,34.29,43,85,3.76
496,Hay River,CA,2022-02-02 23:07:28,60.8156,-115.7999,-10.93,98,35,3.62
497,Chaiyaphum,TH,2022-02-02 23:09:41,15.75,102.0,78.06,67,16,5.64
498,Repalle,IN,2022-02-02 23:09:42,16.0167,80.85,67.95,81,41,4.76
499,Tomatlan,MX,2022-02-02 23:09:42,19.9333,-105.25,81.0,37,0,9.71
500,Pitea,SE,2022-02-02 23:09:42,65.3172,21.4794,10.09,96,95,5.46
501,Balykshi,KZ,2022-02-02 23:09:43,47.0667,51.8667,30.2,100,100,6.71
502,Matagami,CA,2022-02-02 23:09:43,49.7502,-77.6328,1.96,94,100,6.91
503,Vanavara,RU,2022-02-02 23:09:44,60.34,102.2797,-8.34,100,95,3.24
504,Slave Lake,CA,2022-02-02 23:09:45,55.2834,-114.769,-0.92,81,100,10.0
505,Turtas,RU,2022-02-02 23:09:45,58.9417,69.1325,23.16,91,100,9.64
506,Ewa Beach,US,2022-02-02 23:07:10,21.3156,-158.0072,82.35,56,0,8.99
507,Kingaroy,AU,2022-02-02 23:10:46,-26.5333,151.8333,75.24,83,100,14.97
508,Lima,PE,2022-02-02 23:08:11,-12.0432,-77.0282,75.13,68,0,14.97
509,Kutum,SD,2022-02-02 23:10:47,14.2,24.6667,65.14,22,39,9.91
510,Mpika,ZM,2022-02-02 23:08:33,-11.8343,31.4529,61.34,97,71,2.42
511,Lichinga,MZ,2022-02-02 23:10:47,-13.3128,35.2406,61.47,97,8,5.01
512,Tiznit,MA,2022-02-02 23:10:49,29.5833,-9.5,66.69,25,66,7.54
513,Williston,US,2022-02-02 23:10:50,48.147,-103.618,3.92,89,70,3.02
514,Zaraza,VE,2022-02-02 23:10:50,9.3503,-65.3245,80.35,60,94,10.83
515,Saldanha,ZA,2022-02-02 23:10:51,-33.0117,17.9442,64.44,88,63,7.94
516,Fort Nelson,CA,2022-02-02 23:10:52,58.8053,-122.7002,-1.82,90,100,7.23
517,Barra Da Estiva,BR,2022-02-02 23:10:52,-13.6261,-41.3269,72.21,64,48,1.39
518,Nkhotakota,MW,2022-02-02 23:10:53,-12.9274,34.2961,74.07,79,18,4.32
519,May Pen,JM,2022-02-02 23:10:54,17.9645,-77.2451,81.61,80,6,5.12
520,Askiz,RU,2022-02-02 23:10:54,53.1319,90.5264,-5.46,97,68,2.95
521,Takoradi,GH,2022-02-02 23:08:16,4.8845,-1.7554,80.02,81,1,9.28
522,Upata,VE,2022-02-02 23:10:55,8.0086,-62.3989,80.19,63,60,6.31
523,Kalabo,ZM,2022-02-02 23:10:55,-14.97,22.6814,71.02,76,100,1.99
524,Lethem,GY,2022-02-02 23:10:56,3.3803,-59.7968,84.96,50,49,12.53
525,Gorgan,IR,2022-02-02 23:10:56,36.8387,54.4348,52.34,36,0,5.82
526,Elk City,US,2022-02-02 23:09:22,35.412,-99.4043,18.28,73,100,23.02
527,Pacific Grove,US,2022-02-02 23:06:43,36.6177,-121.9166,65.88,24,0,1.99
528,Ahipara,NZ,2022-02-02 23:10:58,-35.1667,173.1667,75.31,68,100,13.33
529,De Aar,ZA,2022-02-02 23:10:58,-30.6497,24.0123,68.99,83,78,10.71
530,Saky,UA,2022-02-02 23:11:00,45.1356,33.6031,43.83,97,100,6.22
531,Ponta Do Sol,PT,2022-02-02 23:11:00,32.6667,-17.1,66.7,74,100,6.08
532,Saint-Pierre,RE,2022-02-02 23:11:00,-21.3393,55.4781,80.28,83,75,34.52
533,Pontes E Lacerda,BR,2022-02-02 23:06:41,-15.2261,-59.3353,75.25,93,79,3.31
534,Canon City,US,2022-02-02 23:11:02,38.441,-105.2424,18.18,84,100,8.01
535,Conde,BR,2022-02-02 23:10:39,-7.2597,-34.9075,81.86,78,20,9.22
536,Angoram,PG,2022-02-02 23:11:03,-4.0625,144.0661,77.81,85,100,2.68
537,Tecoanapa,MX,2022-02-02 23:11:03,16.5167,-98.75,81.1,58,0,8.99
538,Hosangadi,IN,2022-02-02 23:11:04,13.7,74.95,66.51,89,0,3.44
539,Cabatuan,PH,2022-02-02 23:11:05,10.8794,122.486,75.02,90,98,10.85
540,Nelson Bay,AU,2022-02-02 23:06:57,-32.7167,152.15,67.1,92,100,3.0
541,Lasa,IT,2022-02-02 23:11:05,46.6166,10.7002,39.94,94,72,8.34
542,Middelkerke,BE,2022-02-02 23:11:06,51.1558,2.8418,48.02,93,75,9.22
543,Ust-Barguzin,RU,2022-02-02 23:11:06,53.45,108.9833,-10.44,97,100,4.61
544,Myaundzha,RU,2022-02-02 23:11:07,63.0494,147.1858,-9.6,95,100,4.38
545,Cap Malheureux,MU,2022-02-02 23:11:08,-19.9842,57.6142,79.47,83,100,18.01
546,Lavrentiya,RU,2022-02-02 23:11:08,65.5833,-171.0,1.06,68,0,22.32
547,Antalaha,MG,2022-02-02 23:11:09,-14.9003,50.2788,75.16,81,100,3.94
548,Kiruna,SE,2022-02-02 23:11:09,67.8557,20.2251,0.52,85,100,0.0
549,Shelburne,CA,2022-02-02 23:06:23,44.0787,-80.2041,31.14,95,100,11.99
550,Trogir,HR,2022-02-02 23:11:11,43.5125,16.2517,46.8,42,0,6.91
551,Kormilovka,RU,2022-02-02 23:11:11,55.0026,74.1028,8.35,88,100,9.17
552,Sinnamary,GF,2022-02-02 23:12:11,5.3833,-52.95,78.37,82,67,11.97
553,Tabas,IR,2022-02-02 23:12:12,33.5959,56.9244,44.69,44,0,0.81
554,Morehead,US,2022-02-02 23:12:13,37.2711,-87.1764,51.15,93,100,10.36
555,Likasi,CD,2022-02-02 23:10:22,-10.9814,26.7333,61.66,97,100,3.2
556,Nalut,LY,2022-02-02 23:12:14,30.3333,10.85,44.62,55,1,9.98
557,Saint-Ambroise,CA,2022-02-02 23:12:15,48.5501,-71.3324,32.49,95,100,7.9
558,Noumea,NC,2022-02-02 23:12:15,-22.2763,166.4572,85.98,62,64,8.3
